{"energy": 296319.64810927096, "time": 2039.8214584470002, "cost": 326644.201668748, "num_epochs": 25, "reached": true}