{"energy": 201651.69326980342, "time": 1382.1591927559984, "cost": 221764.7760010516, "num_epochs": 17, "reached": true}