{"energy": 1095198.162072911, "time": 9021.515720660003, "cost": 1336981.706594206, "num_epochs": 100, "reached": false}