{"energy": 1094989.2070152608, "time": 9021.051456862002, "cost": 1336836.6059830557, "num_epochs": 100, "reached": false}