epoch,split,time
1,train,142.08778643608093
1,eval,10.500250577926636
2,train,141.67696857452393
2,eval,10.441629648208618
3,train,141.28916549682617
3,eval,10.566539764404297
