{"energy": 737225.8546364072, "time": 4940.047461004, "cost": 800867.0801560536, "num_epochs": 100, "reached": false}