{"energy": 1161519.9730257555, "time": 9006.13064937394, "cost": 1368796.4183330974, "num_epochs": 100, "reached": false}