{"energy": 1161165.554645881, "time": 9010.589056130993, "cost": 1369009.3197344025, "num_epochs": 100, "reached": false}