{"energy": 1162768.9970184802, "time": 8998.66579362491, "cost": 1368767.7554514199, "num_epochs": 100, "reached": false}