{"energy": 1166155.5666306256, "time": 8999.578375702054, "cost": 1370540.8911892427, "num_epochs": 100, "reached": false}