{"energy": 672462.2731224052, "time": 4806.314337210996, "cost": 756783.6410671647, "num_epochs": 100, "reached": false}