{"energy": 1080950.3208016676, "time": 8904.00544817698, "cost": 1319575.6371163195, "num_epochs": 100, "reached": false}