{"energy": 1091657.5798225466, "time": 8950.18687861297, "cost": 1328970.141789908, "num_epochs": 100, "reached": false}