{"total_time": 2443.340560754999, "opt_bs": 16, "opt_lr": 0.0011313708498984763, "opt_pl": 100}