{"energy": 735181.4526552451, "time": 4928.229457993996, "cost": 798810.8039020973, "num_epochs": 100, "reached": false}