{"energy": 1294576.8072795654, "time": 8881.884043620006, "cost": 1424453.2574565331, "num_epochs": 100, "reached": false}