{"energy": 361245.8512208044, "time": 2453.759384225974, "cost": 395326.87173017487, "num_epochs": 49, "reached": true}