{"energy": 245090.3820494143, "time": 1682.810654917026, "cost": 269791.12332994695, "num_epochs": 33, "reached": true}