{"energy": 244904.68639563024, "time": 1681.7110675940203, "cost": 269602.0616122919, "num_epochs": 33, "reached": true}