{"energy": 469427.69630999834, "time": 3171.8975488980213, "cost": 512254.883683576, "num_epochs": 64, "reached": true}