{"energy": 1657.3292302720547, "time": 16.931840635999833, "cost": 2310.200670786013, "num_epochs": 1, "reached": true}