{"energy": 1693.3648830980062, "time": 17.390340226999797, "cost": 2368.3372114114854, "num_epochs": 1, "reached": true}