{"energy": 1607.2607641892432, "time": 17.765798296999947, "cost": 2358.137733082117, "num_epochs": 1, "reached": true}