{"energy": 1654.4937768933773, "time": 17.05265957599977, "cost": 2319.3546013466685, "num_epochs": 1, "reached": true}