{"total_time": 2412.2528403449987, "opt_bs": 64, "opt_lr": 0.0028284271247461905, "opt_pl": 125}