{"energy": 1142894.1535509098, "time": 8668.11462892301, "cost": 1329907.1068062182, "num_epochs": 100, "reached": false}