{"energy": 1143287.429464015, "time": 8670.460362390906, "cost": 1330308.9964412118, "num_epochs": 100, "reached": false}