{"energy": 240343.41170650077, "time": 1745.0100623509989, "cost": 272860.0863089628, "num_epochs": 35, "reached": true}