{"energy": 673308.1082976655, "time": 4862.071877154984, "cost": 762085.3433998938, "num_epochs": 100, "reached": false}