{"energy": 630375.3421898179, "time": 4775.313635210998, "cost": 733027.6141758712, "num_epochs": 100, "reached": false}