{"energy": 512864.726165234, "time": 3675.9740900210018, "cost": 578080.0959594547, "num_epochs": 75, "reached": true}