epoch,split,time
1,train,45.62178897857666
1,eval,3.582637310028076
2,train,44.89115524291992
2,eval,3.576061725616455
