{"energy": 36070.25983898258, "time": 371.3018299840005, "cost": 50524.04004309133, "num_epochs": 1, "reached": true}